Type,Name,Request Count,Failure Count,Median Response Time,Average Response Time,Min Response Time,Max Response Time,Average Content Size,Requests/s,Failures/s,50%,66%,75%,80%,90%,95%,98%,99%,99.9%,99.99%,100%
GET,GET /api/v1/analytics/campus-summary,75,75,5,9.38508550666666,3.266708999998258,236.49587499999924,120.0,1.2906392663152182,1.2906392663152182,5,6,7,8,10,16,46,240,240,240,240
POST,POST /api/v1/auth/login,34,34,130.0,155.84529423529426,126.59225000000163,835.4548749999999,42.0,0.5850898007295655,0.5850898007295655,130,130,140,140,160,170,840,840,840,840,840
POST,POST /api/v1/gate/validate,476,0,3,5.212447323529449,1.3345830000019987,244.84704199999996,61.0,8.191257210213918,0.0,3,3,4,4,5,13,39,58,240,240,240
POST,POST /api/v1/surveys,114,0,8,16.37774525438597,5.195458999999403,679.0892920000005,272.8859649122807,1.9617716847991316,0.0,8,9,10,11,14,21,34,190,680,680,680
POST,STRESS POST /api/v1/gate/validate,4605,0,3,4.046090327687309,1.1929170000044564,230.020209000001,61.0,79.24525095175439,0.0,3,3,3,4,5,6,14,39,160,230,230
,Aggregated,5304,109,3,5.464376934577683,1.1929170000044564,835.4548749999999,66.26659125188537,91.27400891381222,1.8757290670447837,3,3,4,4,5,8,26,110,220,840,840
