Type,Name,Request Count,Failure Count,Median Response Time,Average Response Time,Min Response Time,Max Response Time,Average Content Size,Requests/s,Failures/s,50%,66%,75%,80%,90%,95%,98%,99%,99.9%,99.99%,100%
GET,GET /api/v1/analytics/campus-summary,282,282,6,9.716882648935862,3.007916999997917,902.318374999993,119.57446808510639,2.404947764229106,2.404947764229106,6,6,7,8,10,14,19,28,900,900,900
POST,POST /api/v1/auth/login,146,146,130.0,135.35551001369913,128.65162500000338,159.62249999999756,42.0,1.2451147999200336,1.2451147999200336,130,140,140,140,140,140,150,150,160,160,160
POST,POST /api/v1/gate/validate,2019,0,3,4.085224893016176,1.2583749999919291,50.068290999999654,61.0,17.21840260985307,0.0,3,4,4,5,6,7,18,24,47,50,50
POST,POST /api/v1/surveys,425,0,8,9.53849460470579,5.385416999999393,47.02345799999996,272.8635294117647,3.6244780134658514,0.0,8,9,10,10,12,14,25,30,47,47,47
POST,STRESS POST /api/v1/gate/validate,18980,0,3,3.7314577102212767,1.162958000001879,47.407999999999895,61.0,161.86492398960436,0.0,3,4,4,5,5,6,8,10,31,46,47
,Aggregated,21852,428,3,4.833748031072641,1.162958000001879,902.318374999993,65.74949661358228,186.35786717707242,3.6500625641491395,3,4,4,5,6,8,11,27,140,150,900
